{
    "Model": "Random Forest",
    "MAE": 0.39276610251932664,
    "RMSE": 0.5140518035556866,
    "R2": 0.8945826851065719
}